order_id,type,name,timestamp
690198870,command,finish_order,2023-10-08T21:55:21-03:00
690198407,event,product_weight_quantity_updated,2023-10-08T21:55:23-03:00
690197083,event,product_checked,2023-10-08T21:55:24-03:00
690197709,command,finish_order,2023-10-08T21:55:20-03:00
690199199,command,assign_to_shopper_by_expediter,
690199199,event,order_assigned,2023-10-08T21:55:24-03:00
690199199,command,assign_to_shopper,2023-10-08T21:55:22-03:00
690197710,event,product_replaced,2023-10-08T21:55:24-03:00
690197710,event,substitution_notified_to_user,2023-10-08T21:55:24-03:00
690199206,command,create_order,2023-10-08T21:55:21-03:00
690199206,command,create_order,2023-10-08T21:55:21-03:00
690199206,command,to_pre_assign,
690199206,event,order_created,2023-10-08T21:55:23-03:00
690199206,command,to_change_was_taken_order_to_rt,
690199017,command,finish_order,2023-10-08T21:55:24-03:00
690199206,event,order_to_rt,2023-10-08T21:55:24-03:00
690199206,event,changed_to_pre_assign,2023-10-08T21:55:24-03:00
690199017,event,order_finished,2023-10-08T21:55:24-03:00
690199198,event,released_to_rt,2023-10-08T21:55:17-03:00
690198557,command,hand_to_domiciliary,2023-10-08T21:55:19-03:00
690199198,command,release_to_rt,
690198946,event,order_canceled,2023-10-08T21:55:19-03:00
690198929,event,order_finished,2023-10-08T21:55:17-03:00
690198929,command,finish_order,2023-10-08T21:55:16-03:00
690189881,event,rt_took_order,2023-10-08T21:55:19-03:00
690198608,event,product_checked,2023-10-08T21:55:19-03:00
690197684,event,handshake_code_requested,
690198946,command,cancel_order,2023-10-08T21:55:19-03:00
690189881,event,product_preference_updated,2023-10-08T21:55:19-03:00
690198608,event,picking_started,2023-10-08T21:55:19-03:00
690198998,command,cancel_order,2023-10-08T21:55:24-03:00
690198981,command,hand_to_domiciliary,2023-10-08T21:55:24-03:00
690199078,command,rt_take_order,2023-10-08T21:55:22-03:00
690199078,event,rt_took_order,2023-10-08T21:55:22-03:00
690199078,command,update_product_preference,2023-10-08T21:55:22-03:00
690199208,command,create_order,2023-10-08T21:55:25-03:00
690199208,command,create_order,2023-10-08T21:55:25-03:00
690198998,event,order_canceled,2023-10-08T21:55:24-03:00
690199208,event,order_created,2023-10-08T21:55:25-03:00
690198737,command,finish_order,2023-10-08T21:55:24-03:00
690199078,event,product_preference_updated,2023-10-08T21:55:22-03:00
690199208,event,scheduled_tagged_and_calculated,2023-10-08T21:55:26-03:00
690199208,command,create_order,2023-10-08T21:55:27-03:00
690199208,event,order_created,2023-10-08T21:55:27-03:00
690199208,command,to_scheduled_calculated,
690199208,command,create_order,2023-10-08T21:55:27-03:00
690198602,event,order_created,2023-10-08T21:55:26-03:00
690198825,event,order_created,2023-10-08T21:55:29-03:00
690199204,event,released_to_rt,2023-10-08T21:55:24-03:00
690199206,event,order_created,2023-10-08T21:55:20-03:00
690199204,command,release_to_rt,
690197240,command,finish_order,2023-10-08T21:55:22-03:00
690199207,command,create_order,2023-10-08T21:55:23-03:00
690199207,event,order_created,2023-10-08T21:55:23-03:00
690197847,event,substitution_approved,2023-10-08T21:55:21-03:00
690199205,command,create_order,2023-10-08T21:55:20-03:00
690199207,command,create_order,2023-10-08T21:55:23-03:00
690199205,command,create_order,2023-10-08T21:55:20-03:00
690198782,event,order_created,2023-10-08T21:55:24-03:00
690199205,event,order_created,2023-10-08T21:55:24-03:00
690197710,event,product_checked,2023-10-08T21:55:25-03:00
690176703,command,request_rt_by_expediter,
690199209,command,create_order,2023-10-08T21:55:27-03:00
690198827,event,order_created,2023-10-08T21:55:28-03:00
690199209,command,create_order,2023-10-08T21:55:28-03:00
690198530,command,finish_order,2023-10-08T21:55:28-03:00
690161815,command,request_rt_by_expediter,
690186753,command,request_rt_by_expediter,
690139525,command,request_rt_by_expediter,
690199209,event,order_created,2023-10-08T21:55:27-03:00
689909967,command,request_rt_by_expediter,
690010156,command,request_rt_by_expediter,
690199120,command,hand_to_domiciliary,2023-10-08T21:55:25-03:00
690198886,command,finish_order,2023-10-08T21:55:25-03:00
690198825,event,order_created,2023-10-08T21:55:28-03:00
690199206,command,release_to_rt,
690199206,event,released_to_rt,2023-10-08T21:55:29-03:00
690199036,event,picking_started,2023-10-08T21:55:26-03:00
690199036,event,product_checked,2023-10-08T21:55:26-03:00
689820378,command,request_rt_by_expediter,
690150537,command,request_rt_by_expediter,
690157829,command,request_rt_by_expediter,
690198846,command,cancel_order,2023-10-08T21:55:25-03:00
690199208,command,create_order,2023-10-08T21:55:26-03:00
690199208,command,create_order,2023-10-08T21:55:26-03:00
690198846,event,order_canceled,2023-10-08T21:55:25-03:00
690198827,event,order_created,2023-10-08T21:55:28-03:00
690199205,command,to_pre_assign,
690199205,event,order_to_rt,2023-10-08T21:55:29-03:00
690198587,command,cancel_order,2023-10-08T21:55:25-03:00
690199208,event,order_created,2023-10-08T21:55:29-03:00
690198587,event,order_canceled,2023-10-08T21:55:29-03:00
690199205,event,changed_to_pre_assign,2023-10-08T21:55:29-03:00
690044550,command,request_rt_by_expediter,
690199205,command,to_change_was_taken_order_to_rt,
689928210,command,request_rt_by_expediter,
690199209,command,create_order,2023-10-08T21:55:30-03:00
690198377,command,finish_order,2023-10-08T21:55:31-03:00
690199209,command,create_order,2023-10-08T21:55:31-03:00
690198377,event,order_finished,2023-10-08T21:55:31-03:00
690199209,event,order_created,2023-10-08T21:55:31-03:00
690199210,command,create_order,2023-10-08T21:55:32-03:00
690198995,command,hand_to_domiciliary,2023-10-08T21:55:30-03:00
690199210,event,order_created,2023-10-08T21:55:32-03:00
690199210,command,create_order,2023-10-08T21:55:32-03:00
690198881,command,finish_order,2023-10-08T21:55:31-03:00
690198881,event,order_finished,2023-10-08T21:55:31-03:00
690155679,command,request_rt_by_expediter,
690197177,command,finish_order,2023-10-08T21:55:31-03:00
690198915,command,finish_order,2023-10-08T21:55:31-03:00
690198915,event,order_finished,2023-10-08T21:55:35-03:00
690199208,command,to_change_was_taken_order_to_rt,
690198522,command,hand_to_domiciliary,2023-10-08T21:55:34-03:00
690199208,event,order_to_rt,2023-10-08T21:55:34-03:00
690198885,event,order_created,2023-10-08T21:55:36-03:00
690198350,event,bill_reported,
690199208,event,changed_to_pre_assign,2023-10-08T21:55:34-03:00
690198924,event,order_canceled,2023-10-08T21:55:34-03:00
690195792,command,not_assigned_personal_shopper,
690198924,command,cancel_order,2023-10-08T21:55:31-03:00
690199138,command,hand_to_domiciliary,2023-10-08T21:55:34-03:00
690198786,event,order_finished,2023-10-08T21:55:35-03:00
690198786,command,finish_order,2023-10-08T21:55:35-03:00
690198786,event,order_finished,2023-10-08T21:55:32-03:00
690199220,command,shopper_request_rt,2023-10-08T21:55:36-03:00
690198875,event,order_created,2023-10-08T21:55:35-03:00
690198786,command,finish_order,2023-10-08T21:55:32-03:00
690067886,command,request_rt_by_expediter,
690199208,command,to_pre_assign,
690199216,command,shopper_request_rt,2023-10-08T21:55:34-03:00
690199216,command,create_order,2023-10-08T21:55:34-03:00
690199216,command,create_order,2023-10-08T21:55:34-03:00
690198878,event,order_created,2023-10-08T21:55:35-03:00
690198407,command,review_changes_starts,2023-10-08T21:55:32-03:00
690198407,event,product_checked,2023-10-08T21:55:33-03:00
690198407,event,product_weight_quantity_updated,2023-10-08T21:55:33-03:00
690198407,event,picking_review_started,2023-10-08T21:55:33-03:00
690199210,command,to_change_was_taken_order_to_rt,
690199210,command,to_pre_assign,
690199210,event,order_to_rt,2023-10-08T21:55:34-03:00
690199219,command,shopper_request_rt,2023-10-08T21:55:35-03:00
690199219,command,create_order,2023-10-08T21:55:35-03:00
690199210,event,changed_to_pre_assign,2023-10-08T21:55:34-03:00
690198838,event,product_replaced,2023-10-08T21:55:34-03:00
690198838,event,substitution_notified_to_user,2023-10-08T21:55:34-03:00
690198838,event,picking_finished,2023-10-08T21:55:34-03:00
690198838,event,user_preferences_approved_automatically,2023-10-08T21:55:34-03:00
690193643,event,payless_barcodes_created,
690198838,event,product_checked,2023-10-08T21:55:34-03:00
690199191,command,rt_take_order,2023-10-08T21:55:34-03:00
690198602,command,cancel_order,2023-10-08T21:55:35-03:00
690199191,command,update_product_preference,2023-10-08T21:55:34-03:00
690198927,command,finish_order,2023-10-08T21:55:32-03:00
690199173,command,shopper_billing_report,2023-10-08T21:55:34-03:00
690198864,event,order_created,2023-10-08T21:55:32-03:00
690199210,command,cancel_order,2023-10-08T21:55:33-03:00
690199210,event,order_canceled,2023-10-08T21:55:34-03:00
690199189,command,hand_to_domiciliary,2023-10-08T21:55:34-03:00
690199189,command,shopper_billing_report,2023-10-08T21:55:30-03:00
690198909,command,finish_order,2023-10-08T21:55:34-03:00
690198927,event,order_finished,2023-10-08T21:55:33-03:00
690198853,event,order_created,2023-10-08T21:55:31-03:00
690198981,command,request_rt_by_expediter,
690199208,command,to_scheduled_calculated,
690198981,command,start_shopper_request_rt,2023-10-08T21:55:33-03:00
690198526,command,finish_order,2023-10-08T21:55:34-03:00
690199207,event,order_canceled,2023-10-08T21:55:33-03:00
690198981,event,rt_requested,2023-10-08T21:55:33-03:00
690198981,command,shopper_request_rt,2023-10-08T21:55:34-03:00
690197847,event,product_replaced,2023-10-08T21:55:33-03:00
690186841,event,review_change_timer_ended,2023-10-08T21:55:34-03:00
690197847,event,product_checked,2023-10-08T21:55:33-03:00
690199207,command,cancel_order,2023-10-08T21:55:31-03:00
690197847,event,substitution_notified_to_user,2023-10-08T21:55:33-03:00
690199208,event,scheduled_tagged_and_calculated,2023-10-08T21:55:33-03:00
690199210,command,release_to_rt,
690199221,command,shopper_request_rt,2023-10-08T21:55:37-03:00
690199219,command,create_order,2023-10-08T21:55:35-03:00
690198935,command,finish_order,2023-10-08T21:55:35-03:00
690199220,command,create_order,2023-10-08T21:55:36-03:00
690199220,command,create_order,2023-10-08T21:55:36-03:00
690199218,command,shopper_request_rt,2023-10-08T21:55:35-03:00
690199218,command,create_order,2023-10-08T21:55:35-03:00
690199218,command,create_order,2023-10-08T21:55:35-03:00
690199219,command,shopper_request_rt,2023-10-08T21:55:36-03:00
690198857,event,bill_validated,
690199219,command,create_order,2023-10-08T21:55:36-03:00
690198909,event,order_finished,2023-10-08T21:55:35-03:00
690199220,command,shopper_request_rt,2023-10-08T21:55:36-03:00
690199220,command,create_order,2023-10-08T21:55:36-03:00
690198526,event,order_finished,2023-10-08T21:55:37-03:00
690199219,command,create_order,2023-10-08T21:55:36-03:00
690199220,event,order_created,2023-10-08T21:55:37-03:00
690199194,command,create_order,2023-10-08T21:55:36-03:00
690199220,command,create_order,2023-10-08T21:55:36-03:00
690199220,command,shopper_request_rt,2023-10-08T21:55:36-03:00
690199220,command,create_order,2023-10-08T21:55:36-03:00
690199220,command,create_order,2023-10-08T21:55:36-03:00
690198745,event,bill_validated,
690198981,event,rt_requested,2023-10-08T21:55:37-03:00
690199194,command,create_order,2023-10-08T21:55:36-03:00
690199205,event,released_to_rt,2023-10-08T21:55:37-03:00
690199205,command,release_to_rt,
690199194,event,order_created,2023-10-08T21:55:37-03:00
690193342,event,bill_validated,
690199220,event,order_created,2023-10-08T21:55:37-03:00
690199212,command,create_order,2023-10-08T21:55:37-03:00
690199216,event,order_created,2023-10-08T21:55:37-03:00
690199212,event,order_created,2023-10-08T21:55:37-03:00
690195851,command,finish_order,2023-10-08T21:55:37-03:00
690184204,event,rt_took_order,2023-10-08T21:55:37-03:00
690199212,command,create_order,2023-10-08T21:55:37-03:00
690198407,event,review_has_started,2023-10-08T21:55:39-03:00
690184204,command,update_product_preference,2023-10-08T21:55:37-03:00
690184204,event,product_preference_updated,2023-10-08T21:55:37-03:00
690199221,command,create_order,2023-10-08T21:55:37-03:00
690199221,command,create_order,2023-10-08T21:55:37-03:00
690199210,event,released_to_rt,2023-10-08T21:55:37-03:00
690199221,event,order_created,2023-10-08T21:55:37-03:00
690199191,event,product_preference_updated,2023-10-08T21:55:37-03:00
690198602,event,order_canceled,2023-10-08T21:55:37-03:00
690198030,event,bill_validated,
690198935,event,order_finished,2023-10-08T21:55:37-03:00
690198745,command,validate_bill,2023-10-08T21:55:39-03:00
690184204,command,rt_take_order,2023-10-08T21:55:37-03:00
690199191,event,rt_took_order,2023-10-08T21:55:37-03:00
690198906,event,order_created,2023-10-08T21:55:41-03:00
690186719,event,payless_authorized,
690186719,command,update_bill_report_request,
690186719,event,payless_transaction_authorized,
690198857,command,validate_bill,2023-10-08T21:55:38-03:00
690198575,event,bill_validated,
690199208,command,release_to_rt,
690199208,event,released_to_rt,2023-10-08T21:55:39-03:00
690199220,event,order_created,2023-10-08T21:55:40-03:00
690198350,command,hand_to_domiciliary,2023-10-08T21:55:37-03:00
690198986,event,order_finished,2023-10-08T21:55:39-03:00
690198986,command,finish_order,2023-10-08T21:55:39-03:00
690198919,event,bill_reported,
690198721,command,finish_order,2023-10-08T21:55:38-03:00
690198787,event,bill_validated,
690193342,command,validate_bill,2023-10-08T21:55:39-03:00
690199212,command,create_order,2023-10-08T21:55:39-03:00
690199212,command,create_order,2023-10-08T21:55:39-03:00
690198721,event,order_finished,2023-10-08T21:55:40-03:00
690199212,event,order_created,2023-10-08T21:55:40-03:00
690198899,event,order_created,2023-10-08T21:55:41-03:00
690193354,event,bill_validated,
690198682,command,validate_bill,2023-10-08T21:55:39-03:00
690193354,command,validate_bill,2023-10-08T21:55:38-03:00
690199219,event,order_created,2023-10-08T21:55:38-03:00
690199218,event,order_created,2023-10-08T21:55:38-03:00
690199008,command,finish_order,2023-10-08T21:55:40-03:00
690198895,event,order_created,2023-10-08T21:55:40-03:00
690198030,command,validate_bill,2023-10-08T21:55:39-03:00
690199212,command,create_order,2023-10-08T21:55:39-03:00
690199212,event,order_created,2023-10-08T21:55:39-03:00
690198853,command,cancel_order,2023-10-08T21:55:39-03:00
690198787,command,validate_bill,2023-10-08T21:55:39-03:00
690199212,command,create_order,2023-10-08T21:55:39-03:00
690199213,command,create_order,2023-10-08T21:55:43-03:00
690199008,event,order_finished,2023-10-08T21:55:43-03:00
690198038,event,product_checked,2023-10-08T21:55:40-03:00
690198853,event,order_canceled,2023-10-08T21:55:39-03:00
690198038,event,product_replaced,2023-10-08T21:55:39-03:00
690198682,event,bill_validated,
690198863,command,finish_order,2023-10-08T21:55:38-03:00
690198194,command,update_product_quantity,2023-10-08T21:55:39-03:00
690199213,command,create_order,2023-10-08T21:55:43-03:00
690198194,event,picking_started,2023-10-08T21:55:39-03:00
690198194,event,product_checked,2023-10-08T21:55:39-03:00
690199213,event,order_created,2023-10-08T21:55:43-03:00
690198194,event,picking_finished,2023-10-08T21:55:39-03:00
690199194,command,to_pre_assign,
690199194,command,to_change_was_taken_order_to_rt,
690198194,event,product_quantity_updated,2023-10-08T21:55:39-03:00
690199194,event,order_to_rt,2023-10-08T21:55:42-03:00
690199194,event,changed_to_pre_assign,2023-10-08T21:55:42-03:00
690198863,event,order_finished,2023-10-08T21:55:42-03:00
690198194,event,product_quantity_updated,2023-10-08T21:55:42-03:00
690197950,command,finish_order,2023-10-08T21:55:40-03:00
690199160,command,hand_to_domiciliary,2023-10-08T21:55:43-03:00
690198676,event,order_created,2023-10-08T21:55:42-03:00
690199219,event,order_created,2023-10-08T21:55:40-03:00
690198902,event,order_created,2023-10-08T21:55:40-03:00
690198575,command,validate_bill,2023-10-08T21:55:40-03:00
690186719,event,update_order_bill,
690198923,event,order_created,2023-10-08T21:55:43-03:00
690198958,event,order_finished,2023-10-08T21:55:43-03:00
690198958,command,finish_order,2023-10-08T21:55:42-03:00
690199215,command,create_order,2023-10-08T21:55:45-03:00
690198928,event,order_created,2023-10-08T21:55:44-03:00
690199215,command,create_order,2023-10-08T21:55:45-03:00
690199215,command,to_pre_assign,
690198919,command,hand_to_domiciliary,2023-10-08T21:55:45-03:00
690199215,command,to_change_was_taken_order_to_rt,
690199215,event,order_created,2023-10-08T21:55:44-03:00
690199215,event,changed_to_pre_assign,2023-10-08T21:55:45-03:00
690199215,event,order_to_rt,2023-10-08T21:55:45-03:00
690199215,command,create_order,2023-10-08T21:55:41-03:00
690199215,event,order_created,2023-10-08T21:55:45-03:00
690199215,command,create_order,2023-10-08T21:55:41-03:00
690198608,event,product_checked,2023-10-08T21:55:44-03:00
690189165,event,bill_reported,
690199036,event,product_checked,2023-10-08T21:55:44-03:00
690197708,command,finish_order,2023-10-08T21:55:44-03:00
690199004,command,hand_to_domiciliary,2023-10-08T21:55:43-03:00
690198933,event,order_canceled,2023-10-08T21:55:47-03:00
690199216,command,create_order,2023-10-08T21:55:45-03:00
690197708,event,order_finished,2023-10-08T21:55:47-03:00
690198038,event,substitution_notified_to_user,2023-10-08T21:55:44-03:00
690198933,command,cancel_order,2023-10-08T21:55:47-03:00
690199216,command,create_order,2023-10-08T21:55:45-03:00
690199216,event,order_created,2023-10-08T21:55:45-03:00
690199214,command,create_order,2023-10-08T21:55:43-03:00
690198805,event,order_created,2023-10-08T21:55:45-03:00
690199214,command,create_order,2023-10-08T21:55:43-03:00
690199179,command,shopper_billing_report,2023-10-08T21:55:47-03:00
690199214,event,order_created,2023-10-08T21:55:47-03:00
690199036,event,picking_finished,2023-10-08T21:55:44-03:00
690199194,command,release_to_rt,
690199194,event,released_to_rt,2023-10-08T21:55:47-03:00
690198949,event,order_created,2023-10-08T21:55:50-03:00
690198631,event,product_checked,2023-10-08T21:55:52-03:00
690198631,event,product_replaced,2023-10-08T21:55:52-03:00
690198950,event,order_created,2023-10-08T21:55:51-03:00
690198678,command,finish_order,2023-10-08T21:55:51-03:00
690198678,event,order_finished,2023-10-08T21:55:52-03:00
690198947,event,order_created,2023-10-08T21:55:49-03:00
690198852,event,order_created,2023-10-08T21:55:47-03:00
690199219,event,order_created,2023-10-08T21:55:49-03:00
690199219,command,create_order,2023-10-08T21:55:49-03:00
690199215,command,release_to_rt,
690199219,command,create_order,2023-10-08T21:55:49-03:00
690198825,command,hand_to_domiciliary,2023-10-08T21:55:50-03:00
690198949,event,order_created,2023-10-08T21:55:50-03:00
690198933,event,order_created,2023-10-08T21:55:46-03:00
690199215,event,released_to_rt,2023-10-08T21:55:50-03:00
690198999,event,picking_started,2023-10-08T21:55:46-03:00
690199134,command,finish_order,2023-10-08T21:55:46-03:00
690198887,command,finish_order,2023-10-08T21:55:47-03:00
690198999,event,product_checked,2023-10-08T21:55:46-03:00
690199223,command,create_order,2023-10-08T21:55:52-03:00
690199223,event,order_created,2023-10-08T21:55:53-03:00
690199223,command,create_order,2023-10-08T21:55:52-03:00
690198375,event,product_checked,2023-10-08T21:55:53-03:00
690198608,event,picking_finished,2023-10-08T21:55:51-03:00
690198929,command,finish_order,2023-10-08T21:55:52-03:00
690198522,command,shopper_delivery_order_to_rt,2023-10-08T21:55:53-03:00
690198608,event,product_checked,2023-10-08T21:55:51-03:00
690198631,event,substitution_notified_to_user,2023-10-08T21:55:54-03:00
690199219,command,to_pre_assign,
690199219,command,to_change_was_taken_order_to_rt,
690198522,event,order_delivered_to_sk,2023-10-08T21:55:54-03:00
690199224,command,create_order,2023-10-08T21:55:54-03:00
690199095,command,hand_to_domiciliary,2023-10-08T21:55:55-03:00
690199224,command,create_order,2023-10-08T21:55:55-03:00
690199224,command,create_order,2023-10-08T21:55:55-03:00
690199224,command,create_order,2023-10-08T21:55:54-03:00
690199071,command,rt_take_order,2023-10-08T21:55:54-03:00
690199071,event,rt_took_order,2023-10-08T21:55:54-03:00
690199071,command,update_product_preference,2023-10-08T21:55:54-03:00
690198954,event,order_created,2023-10-08T21:55:52-03:00
690199134,event,order_finished,2023-10-08T21:55:50-03:00
690199222,command,create_order,2023-10-08T21:55:53-03:00
690199222,command,create_order,2023-10-08T21:55:53-03:00
690198370,command,hand_to_domiciliary,2023-10-08T21:55:51-03:00
690198951,event,order_created,2023-10-08T21:55:50-03:00
690199173,command,hand_to_domiciliary,2023-10-08T21:55:56-03:00
690198864,command,cancel_order,2023-10-08T21:55:58-03:00
690198911,command,finish_order,2023-10-08T21:55:57-03:00
690198942,command,finish_order,2023-10-08T21:55:56-03:00
690198864,event,order_canceled,2023-10-08T21:55:58-03:00
690198973,event,order_created,2023-10-08T21:55:58-03:00
690198310,command,finish_order,2023-10-08T21:55:57-03:00
690199189,command,hand_to_domiciliary,2023-10-08T21:55:57-03:00
690198320,command,finish_order,2023-10-08T21:55:58-03:00
690199071,event,product_preference_updated,2023-10-08T21:55:56-03:00
690198967,event,order_created,2023-10-08T21:55:55-03:00
690198461,command,finish_order,2023-10-08T21:55:55-03:00
690198745,command,finish_order,2023-10-08T21:55:57-03:00
690198745,event,order_finished,2023-10-08T21:55:57-03:00
690199222,event,integration_order_creation_notified,
690199222,event,order_created,2023-10-08T21:55:55-03:00
690198779,event,start_picker_billing_report,
690198779,command,start_shopper_request_rt,
690198779,command,start_shopper_billing_report,
690198971,event,order_created,2023-10-08T21:55:58-03:00
690198445,command,finish_order,2023-10-08T21:55:58-03:00
690198779,command,shopper_request_rt,2023-10-08T21:55:58-03:00
690192256,event,product_checked,2023-10-08T21:56:01-03:00
690198310,event,order_finished,2023-10-08T21:56:00-03:00
690198983,event,order_created,2023-10-08T21:56:00-03:00
690198920,command,finish_order,2023-10-08T21:56:01-03:00
690198320,event,order_finished,2023-10-08T21:55:59-03:00
690199206,command,create_order,2023-10-08T21:55:57-03:00
690198902,command,cancel_order,2023-10-08T21:55:58-03:00
690199206,command,create_order,2023-10-08T21:55:57-03:00
690198475,command,update_bill_report_request,
690189165,command,hand_to_domiciliary,2023-10-08T21:55:56-03:00
690198957,command,finish_order,2023-10-08T21:55:58-03:00
690192203,command,finish_order,2023-10-08T21:55:57-03:00
690199215,event,integration_order_creation_notified,
690198475,event,payless_authorized,
690198475,event,payless_transaction_authorized,
690199224,event,order_created,2023-10-08T21:55:56-03:00
690198974,event,order_created,2023-10-08T21:55:58-03:00
690198902,event,order_canceled,2023-10-08T21:56:00-03:00
690199206,event,order_created,2023-10-08T21:56:00-03:00
690199206,command,to_pre_assign,
690199219,event,order_to_rt,2023-10-08T21:55:59-03:00
690199206,command,to_change_was_taken_order_to_rt,
690199219,event,changed_to_pre_assign,2023-10-08T21:55:59-03:00
690199224,event,order_created,2023-10-08T21:55:59-03:00
690199219,command,release_to_rt,
690198475,event,update_order_bill,
690199225,command,create_order,2023-10-08T21:56:01-03:00
690199225,command,cancel_order,2023-10-08T21:56:01-03:00
690199225,command,create_order,2023-10-08T21:56:01-03:00
690199225,event,order_created,2023-10-08T21:56:01-03:00
690199222,command,to_scheduled_calculated,
690199222,event,scheduled_tagged_and_calculated,2023-10-08T21:56:01-03:00
690199094,command,finish_order,2023-10-08T21:56:00-03:00
690198445,event,order_finished,2023-10-08T21:56:00-03:00
690198779,event,rt_requested,2023-10-08T21:56:00-03:00
690198779,command,shopper_billing_report,2023-10-08T21:56:00-03:00
690199085,command,finish_order,2023-10-08T21:56:03-03:00
690199219,event,released_to_rt,2023-10-08T21:56:04-03:00
690199109,command,hand_to_domiciliary,2023-10-08T21:56:04-03:00
690199225,event,order_canceled,2023-10-08T21:56:04-03:00
690199136,event,order_finished,2023-10-08T21:56:04-03:00
690199193,command,update_product_preference,2023-10-08T21:56:05-03:00
690199193,command,rt_take_order,2023-10-08T21:56:05-03:00
690198699,event,order_finished,2023-10-08T21:56:05-03:00
690198014,command,finish_order,2023-10-08T21:56:05-03:00
690198699,command,finish_order,2023-10-08T21:56:03-03:00
690197710,event,product_weight_quantity_updated,2023-10-08T21:56:04-03:00
690199094,event,order_finished,2023-10-08T21:56:04-03:00
690197710,event,product_checked,2023-10-08T21:56:04-03:00
690199190,command,update_product_preference,2023-10-08T21:56:05-03:00
690199190,command,rt_take_order,2023-10-08T21:56:05-03:00
690199136,command,finish_order,2023-10-08T21:56:03-03:00
690199206,event,order_to_rt,2023-10-08T21:56:06-03:00
690199206,command,release_to_rt,
690199206,event,released_to_rt,2023-10-08T21:56:07-03:00
690199206,event,changed_to_pre_assign,2023-10-08T21:56:06-03:00
690199228,command,create_order,2023-10-08T21:56:08-03:00
690198703,command,finish_order,2023-10-08T21:56:07-03:00
690199228,command,create_order,2023-10-08T21:56:08-03:00
690199220,command,update_product_preference,2023-10-08T21:56:07-03:00
690198703,event,order_finished,2023-10-08T21:56:07-03:00
690199220,command,rt_take_order,2023-10-08T21:56:07-03:00
690199220,event,rt_took_order,2023-10-08T21:56:07-03:00
690199117,command,rt_take_order,2023-10-08T21:56:08-03:00
690199117,event,rt_took_order,2023-10-08T21:56:08-03:00
690199117,command,update_product_preference,2023-10-08T21:56:08-03:00
690199117,event,product_preference_updated,2023-10-08T21:56:08-03:00
690194618,event,product_replaced,2023-10-08T21:56:03-03:00
690194618,event,picking_started,2023-10-08T21:56:03-03:00
690194618,event,product_checked,2023-10-08T21:56:03-03:00
690199227,command,create_order,2023-10-08T21:56:06-03:00
690199227,command,create_order,2023-10-08T21:56:06-03:00
690194618,event,substitution_notified_to_user,2023-10-08T21:56:06-03:00
690186841,event,payless_barcodes_created,
690198236,command,finish_order,2023-10-08T21:56:05-03:00
690198920,event,order_finished,2023-10-08T21:56:04-03:00
690199085,event,order_finished,2023-10-08T21:56:04-03:00
690199216,event,rt_took_order,2023-10-08T21:56:09-03:00
690199216,command,update_product_preference,2023-10-08T21:56:09-03:00
690199216,event,product_preference_updated,2023-10-08T21:56:10-03:00
690199193,event,product_preference_updated,2023-10-08T21:56:10-03:00
690199193,event,rt_took_order,2023-10-08T21:56:10-03:00
690198123,command,finish_order,2023-10-08T21:56:10-03:00
690198438,command,finish_order,2023-10-08T21:56:09-03:00
690197083,event,product_checked,2023-10-08T21:56:08-03:00
690199190,event,product_preference_updated,2023-10-08T21:56:10-03:00
690199190,event,rt_took_order,2023-10-08T21:56:10-03:00
690199216,command,rt_take_order,2023-10-08T21:56:09-03:00
690198438,event,order_finished,2023-10-08T21:56:10-03:00
690199143,command,rt_take_order,2023-10-08T21:56:09-03:00
690199143,command,update_product_preference,2023-10-08T21:56:09-03:00
690198939,command,start_shopper_request_rt,
690199203,command,shopper_billing_report,2023-10-08T21:56:10-03:00
690199220,event,product_preference_updated,2023-10-08T21:56:11-03:00
690199212,command,shopper_billing_report,2023-10-08T21:56:09-03:00
690198939,command,start_shopper_billing_report,
690198939,event,start_picker_billing_report,
690199138,command,hand_to_domiciliary,2023-10-08T21:56:09-03:00
690199219,command,rt_take_order,2023-10-08T21:56:12-03:00
690199219,command,update_product_preference,2023-10-08T21:56:12-03:00
690198236,event,order_finished,2023-10-08T21:56:09-03:00
690199196,command,shopper_billing_report,2023-10-08T21:56:08-03:00
690199227,event,order_created,2023-10-08T21:56:07-03:00
690198981,command,rt_take_order,2023-10-08T21:56:11-03:00
690199229,command,create_order,2023-10-08T21:56:12-03:00
690199228,event,order_created,2023-10-08T21:56:12-03:00
690199143,event,rt_took_order,2023-10-08T21:56:14-03:00
690199231,command,create_order,2023-10-08T21:56:14-03:00
690199143,event,product_preference_updated,2023-10-08T21:56:14-03:00
690199229,command,to_scheduled_calculated,
690198985,command,rt_take_order,2023-10-08T21:56:12-03:00
690198985,command,update_product_preference,2023-10-08T21:56:12-03:00
690199231,command,create_order,2023-10-08T21:56:14-03:00
690199229,command,create_order,2023-10-08T21:56:12-03:00
690199229,event,order_created,2023-10-08T21:56:12-03:00
690198985,event,rt_took_order,2023-10-08T21:56:14-03:00
690198939,command,shopper_billing_report,2023-10-08T21:56:15-03:00
690199104,event,rt_took_order,2023-10-08T21:56:13-03:00
690198985,event,product_preference_updated,2023-10-08T21:56:14-03:00
690199104,command,rt_take_order,2023-10-08T21:56:12-03:00
690199104,command,update_product_preference,2023-10-08T21:56:12-03:00
690199104,event,product_preference_updated,2023-10-08T21:56:13-03:00
690199199,command,shopper_billing_report,2023-10-08T21:56:12-03:00
690199141,command,rt_take_order,2023-10-08T21:56:11-03:00
690199141,command,update_product_preference,2023-10-08T21:56:11-03:00
690199229,command,create_order,2023-10-08T21:56:12-03:00
690199229,command,create_order,2023-10-08T21:56:12-03:00
690199219,command,rt_take_order,2023-10-08T21:56:11-03:00
690199141,event,product_preference_updated,2023-10-08T21:56:15-03:00
690199219,event,rt_took_order,2023-10-08T21:56:11-03:00
690199096,command,update_product_preference,2023-10-08T21:56:12-03:00
690199219,command,update_product_preference,2023-10-08T21:56:11-03:00
690198967,command,update_product_preference,2023-10-08T21:56:14-03:00
690199229,event,order_created,2023-10-08T21:56:15-03:00
690198967,command,rt_take_order,2023-10-08T21:56:14-03:00
690199141,event,rt_took_order,2023-10-08T21:56:15-03:00
690199022,event,start_picker_billing_report,
690199022,command,start_shopper_request_rt,
690199022,command,shopper_billing_report,2023-10-08T21:56:13-03:00
690199096,command,rt_take_order,2023-10-08T21:56:12-03:00
690199099,command,finish_order,2023-10-08T21:56:15-03:00
690199022,command,start_shopper_billing_report,
690199001,command,finish_order,2023-10-08T21:56:17-03:00
690199001,event,order_finished,2023-10-08T21:56:18-03:00
690199231,event,order_created,2023-10-08T21:56:18-03:00
690199229,event,scheduled_tagged_and_calculated,2023-10-08T21:56:17-03:00
690199231,command,to_pre_assign,
690199232,command,create_order,2023-10-08T21:56:21-03:00
690198939,event,rt_requested,2023-10-08T21:56:20-03:00
690199232,command,create_order,2023-10-08T21:56:21-03:00
690198939,command,shopper_request_rt,2023-10-08T21:56:20-03:00
690199231,command,to_change_was_taken_order_to_rt,
690199232,event,order_created,2023-10-08T21:56:21-03:00
690199207,command,shopper_billing_report,2023-10-08T21:56:13-03:00
690199219,event,rt_took_order,2023-10-08T21:56:14-03:00
690199204,command,rt_take_order,2023-10-08T21:56:12-03:00
690199013,event,order_finished,2023-10-08T21:56:15-03:00
690199204,event,product_preference_updated,2023-10-08T21:56:14-03:00
690199013,command,finish_order,2023-10-08T21:56:14-03:00
690199204,command,update_product_preference,2023-10-08T21:56:12-03:00
690199204,event,rt_took_order,2023-10-08T21:56:14-03:00
690199219,event,product_preference_updated,2023-10-08T21:56:14-03:00
690198981,event,rt_took_order,2023-10-08T21:56:14-03:00
690198651,command,cancel_order,2023-10-08T21:56:15-03:00
690198029,command,update_product_preference,2023-10-08T21:56:15-03:00
690198029,command,rt_take_order,2023-10-08T21:56:15-03:00
690199232,command,to_change_was_taken_order_to_rt,
690198838,command,finish_order,2023-10-08T21:56:21-03:00
690198838,event,order_finished,2023-10-08T21:56:21-03:00
690199232,command,to_pre_assign,
690199230,command,create_order,2023-10-08T21:56:16-03:00
690199230,command,create_order,2023-10-08T21:56:16-03:00
690199170,command,rt_take_order,2023-10-08T21:56:20-03:00
690199230,event,order_created,2023-10-08T21:56:20-03:00
690199170,command,update_product_preference,2023-10-08T21:56:20-03:00
690199219,event,product_preference_updated,2023-10-08T21:56:16-03:00
690199096,event,product_preference_updated,2023-10-08T21:56:16-03:00
690198967,event,rt_took_order,2023-10-08T21:56:16-03:00
690199096,event,rt_took_order,2023-10-08T21:56:16-03:00
690199099,event,order_finished,2023-10-08T21:56:17-03:00
690198935,command,finish_order,2023-10-08T21:56:19-03:00
690198437,command,finish_order,2023-10-08T21:56:16-03:00
690198967,event,product_preference_updated,2023-10-08T21:56:16-03:00
690198437,event,order_finished,2023-10-08T21:56:15-03:00
690199030,event,picking_started,2023-10-08T21:56:18-03:00
690199022,command,shopper_request_rt,2023-10-08T21:56:18-03:00
690199022,event,rt_requested,2023-10-08T21:56:20-03:00
690196637,command,finish_order,2023-10-08T21:56:21-03:00
690198370,command,shopper_delivery_order_to_rt,2023-10-08T21:56:19-03:00
690199030,event,product_checked,2023-10-08T21:56:18-03:00
690198651,event,order_canceled,2023-10-08T21:56:18-03:00
690197708,command,finish_order,2023-10-08T21:56:21-03:00
690198029,event,product_preference_updated,2023-10-08T21:56:19-03:00
690198690,event,bill_reported,
690198038,event,product_checked,2023-10-08T21:56:19-03:00
690198029,event,rt_took_order,2023-10-08T21:56:19-03:00
690199231,event,changed_to_pre_assign,2023-10-08T21:56:24-03:00
690199232,event,order_to_rt,2023-10-08T21:56:22-03:00
690199232,event,changed_to_pre_assign,2023-10-08T21:56:22-03:00
690199170,event,product_preference_updated,2023-10-08T21:56:21-03:00
690199170,event,rt_took_order,2023-10-08T21:56:21-03:00
690199234,command,create_order,2023-10-08T21:56:25-03:00
690199231,event,order_to_rt,2023-10-08T21:56:24-03:00
690197710,event,product_checked,2023-10-08T21:56:22-03:00
690199081,event,order_finished,2023-10-08T21:56:23-03:00
690199234,event,order_created,2023-10-08T21:56:25-03:00
690198866,command,finish_order,2023-10-08T21:56:23-03:00
690198777,command,finish_order,2023-10-08T21:56:25-03:00
690199203,command,shopper_billing_report,2023-10-08T21:56:22-03:00
690199234,command,create_order,2023-10-08T21:56:25-03:00
690199081,command,finish_order,2023-10-08T21:56:23-03:00
690199231,command,release_to_rt,
690199232,command,release_to_rt,
690198888,command,finish_order,2023-10-08T21:56:24-03:00
690198888,event,order_finished,2023-10-08T21:56:25-03:00
690197710,event,product_weight_quantity_updated,2023-10-08T21:56:22-03:00
690198690,command,hand_to_domiciliary,2023-10-08T21:56:25-03:00
690199233,command,create_order,2023-10-08T21:56:24-03:00
690199233,command,create_order,2023-10-08T21:56:24-03:00
690199233,event,order_created,2023-10-08T21:56:24-03:00
690198454,event,picking_started,2023-10-08T21:56:22-03:00
690198454,event,picking_finished,2023-10-08T21:56:22-03:00
690199198,command,shopper_billing_report,2023-10-08T21:56:24-03:00
690198454,event,product_checked,2023-10-08T21:56:22-03:00
690199213,command,shopper_billing_report,2023-10-08T21:56:24-03:00
690198777,event,order_finished,2023-10-08T21:56:26-03:00
690199161,command,shopper_billing_report,2023-10-08T21:56:27-03:00
690010156,command,request_rt_by_expediter,
690083257,command,not_assigned_personal_shopper,
690150537,command,request_rt_by_expediter,
690092590,command,not_assigned_personal_shopper,
690176703,command,request_rt_by_expediter,
690179713,command,not_assigned_personal_shopper,
690199231,event,released_to_rt,2023-10-08T21:56:29-03:00
690199136,command,request_rt_by_expediter,
690199232,event,released_to_rt,2023-10-08T21:56:29-03:00
690199236,command,create_order,2023-10-08T21:56:29-03:00
690155679,command,request_rt_by_expediter,
690199236,event,order_created,2023-10-08T21:56:29-03:00
690199236,command,create_order,2023-10-08T21:56:29-03:00
690198702,command,hand_to_domiciliary,2023-10-08T21:56:30-03:00
690177839,command,not_assigned_personal_shopper,
690196587,command,finish_order,2023-10-08T21:56:32-03:00
690067886,command,request_rt_by_expediter,
690199236,command,create_order,2023-10-08T21:56:30-03:00
690199236,event,order_created,2023-10-08T21:56:30-03:00
690157829,command,request_rt_by_expediter,
690199233,command,to_pre_assign,
690199236,command,create_order,2023-10-08T21:56:30-03:00
690198932,event,bill_reported,
690199233,event,changed_to_pre_assign,2023-10-08T21:56:30-03:00
690199233,command,release_to_rt,
690198320,command,finish_order,2023-10-08T21:56:28-03:00
690199233,command,to_change_was_taken_order_to_rt,
690199233,event,order_to_rt,2023-10-08T21:56:30-03:00
690199237,command,create_order,2023-10-08T21:56:32-03:00
690199033,event,bill_reported,
690199237,command,create_order,2023-10-08T21:56:32-03:00
690199237,event,order_created,2023-10-08T21:56:32-03:00
690199195,command,shopper_billing_report,2023-10-08T21:56:30-03:00
690199032,command,hand_to_domiciliary,2023-10-08T21:56:30-03:00
690188273,event,not_assigned_personal_shopper_retry_out,
690188273,command,not_assigned_personal_shopper,
690161815,command,request_rt_by_expediter,
689928210,command,request_rt_by_expediter,
690196452,event,not_assigned_personal_shopper_retry_out,
690196157,event,product_checked,2023-10-08T21:56:30-03:00
690186753,command,request_rt_by_expediter,
690199134,command,finish_order,2023-10-08T21:56:31-03:00
690139525,command,request_rt_by_expediter,
689909967,command,request_rt_by_expediter,
690198932,command,hand_to_domiciliary,2023-10-08T21:56:31-03:00
690199043,command,cancel_order,2023-10-08T21:56:30-03:00
690186719,event,bill_reported,
690197998,command,finish_order,2023-10-08T21:56:33-03:00
690197998,event,order_finished,2023-10-08T21:56:35-03:00
690199239,command,create_order,2023-10-08T21:56:36-03:00
690199239,command,create_order,2023-10-08T21:56:36-03:00
690199233,event,released_to_rt,2023-10-08T21:56:35-03:00
690199033,command,hand_to_domiciliary,2023-10-08T21:56:35-03:00
690199242,command,shopper_request_rt,2023-10-08T21:56:35-03:00
690199242,command,create_order,2023-10-08T21:56:35-03:00
690199242,command,create_order,2023-10-08T21:56:35-03:00
690199242,event,order_created,2023-10-08T21:56:35-03:00
690198999,event,product_checked,2023-10-08T21:56:37-03:00
690199243,command,shopper_request_rt,2023-10-08T21:56:36-03:00
690199243,command,create_order,2023-10-08T21:56:36-03:00
690199013,command,finish_order,2023-10-08T21:56:36-03:00
690198953,command,hand_to_domiciliary,2023-10-08T21:56:32-03:00
690199243,event,order_created,2023-10-08T21:56:36-03:00
690196157,event,product_removed,2023-10-08T21:56:35-03:00
690199243,command,create_order,2023-10-08T21:56:36-03:00
690198475,event,bill_reported,
690196157,command,shopper_remove_product,2023-10-08T21:56:35-03:00
690196452,command,not_assigned_personal_shopper,
690196157,event,picking_finished,2023-10-08T21:56:35-03:00
690198711,event,bill_reported,
690199242,command,shopper_request_rt,2023-10-08T21:56:35-03:00
690199242,command,create_order,2023-10-08T21:56:35-03:00
690199030,event,product_checked,2023-10-08T21:56:34-03:00
690199030,event,picking_finished,2023-10-08T21:56:34-03:00
690199242,command,create_order,2023-10-08T21:56:35-03:00
690199043,event,order_canceled,2023-10-08T21:56:35-03:00
690199136,command,start_shopper_request_rt,2023-10-08T21:56:34-03:00
690199136,event,rt_requested,2023-10-08T21:56:34-03:00
690199242,command,shopper_request_rt,2023-10-08T21:56:35-03:00
690199242,command,create_order,2023-10-08T21:56:35-03:00
690199238,command,create_order,2023-10-08T21:56:34-03:00
690199242,command,create_order,2023-10-08T21:56:35-03:00
690199243,command,create_order,2023-10-08T21:56:36-03:00
690199243,command,create_order,2023-10-08T21:56:36-03:00
690199238,command,create_order,2023-10-08T21:56:34-03:00
690199243,command,shopper_request_rt,2023-10-08T21:56:36-03:00
690198838,command,shopper_remove_product,2023-10-08T21:56:34-03:00
690198838,event,picking_started,2023-10-08T21:56:34-03:00
690198838,event,product_removed,2023-10-08T21:56:34-03:00
690199215,command,shopper_billing_report,2023-10-08T21:56:35-03:00
690197182,command,rt_take_order,2023-10-08T21:56:39-03:00
690197083,event,picking_finished,2023-10-08T21:56:40-03:00
690199242,event,order_created,2023-10-08T21:56:40-03:00
690198711,command,hand_to_domiciliary,2023-10-08T21:56:38-03:00
690197083,event,product_checked,2023-10-08T21:56:40-03:00
690197229,command,cancel_order,2023-10-08T21:56:42-03:00
690198927,command,finish_order,2023-10-08T21:56:40-03:00
690197229,event,order_canceled,2023-10-08T21:56:42-03:00
690197182,command,update_product_preference,2023-10-08T21:56:39-03:00
690199239,event,order_created,2023-10-08T21:56:39-03:00
690199239,command,create_order,2023-10-08T21:56:41-03:00
690199239,event,order_created,2023-10-08T21:56:41-03:00
690199239,command,create_order,2023-10-08T21:56:41-03:00
690194618,event,product_removed,2023-10-08T21:56:42-03:00
690194618,command,shopper_remove_product,2023-10-08T21:56:42-03:00
690199198,command,hand_to_domiciliary,2023-10-08T21:56:42-03:00
690186719,command,hand_to_domiciliary,2023-10-08T21:56:37-03:00
690199136,command,shopper_request_rt,2023-10-08T21:56:37-03:00
690199242,event,order_created,2023-10-08T21:56:39-03:00
690199136,event,rt_requested,2023-10-08T21:56:39-03:00
690198281,command,finish_order,2023-10-08T21:56:38-03:00
690198878,command,cancel_order,2023-10-08T21:56:38-03:00
690199243,event,order_created,2023-10-08T21:56:39-03:00
690198281,event,order_finished,2023-10-08T21:56:39-03:00
690198475,command,hand_to_domiciliary,2023-10-08T21:56:38-03:00
690199030,command,hand_to_domiciliary,2023-10-08T21:56:40-03:00
690199016,event,order_canceled,2023-10-08T21:56:40-03:00
690199016,command,cancel_order,2023-10-08T21:56:40-03:00
690199238,event,order_created,2023-10-08T21:56:39-03:00
690198878,event,order_canceled,2023-10-08T21:56:39-03:00
690197758,event,bill_reported,
690194541,command,finish_order,2023-10-08T21:56:42-03:00
690194541,event,order_finished,2023-10-08T21:56:42-03:00
690198803,command,cancel_order,2023-10-08T21:56:44-03:00
690198803,event,order_canceled,2023-10-08T21:56:44-03:00
690197182,event,product_preference_updated,2023-10-08T21:56:44-03:00
690197182,event,rt_took_order,2023-10-08T21:56:44-03:00
690199239,command,to_change_was_taken_order_to_rt,
690198299,event,bill_reported,
690199240,command,create_order,2023-10-08T21:56:45-03:00
690199239,command,to_pre_assign,
690199240,command,create_order,2023-10-08T21:56:45-03:00
690199240,command,create_order,2023-10-08T21:56:43-03:00
690199240,command,create_order,2023-10-08T21:56:43-03:00
690199240,event,order_created,2023-10-08T21:56:43-03:00
690198958,event,order_finished,2023-10-08T21:56:44-03:00
690198958,command,finish_order,2023-10-08T21:56:43-03:00
690199241,command,create_order,2023-10-08T21:56:46-03:00
690199049,command,finish_order,2023-10-08T21:56:46-03:00
690199241,command,create_order,2023-10-08T21:56:46-03:00
690199239,event,changed_to_pre_assign,2023-10-08T21:56:47-03:00
690199240,event,order_created,2023-10-08T21:56:47-03:00
690199239,event,order_to_rt,2023-10-08T21:56:47-03:00
690199240,command,to_change_was_taken_order_to_rt,
690199240,command,to_pre_assign,
690197847,event,product_checked,2023-10-08T21:56:48-03:00
690199157,command,hand_to_domiciliary,2023-10-08T21:56:42-03:00
690199203,command,hand_to_domiciliary,2023-10-08T21:56:46-03:00
690197710,event,product_checked,2023-10-08T21:56:46-03:00
690199049,event,order_finished,2023-10-08T21:56:49-03:00
690199239,command,release_to_rt,
690199240,command,to_pre_assign,
690199206,command,shopper_billing_report,2023-10-08T21:56:49-03:00
690197758,command,hand_to_domiciliary,2023-10-08T21:56:49-03:00
690199240,command,to_change_was_taken_order_to_rt,
690199092,command,finish_order,2023-10-08T21:56:49-03:00
690199241,command,create_order,2023-10-08T21:56:49-03:00
690199240,command,release_to_rt,
690199207,command,hand_to_domiciliary,2023-10-08T21:56:49-03:00
690199240,event,order_to_rt,2023-10-08T21:56:51-03:00
690198236,command,finish_order,2023-10-08T21:56:51-03:00
690199241,command,create_order,2023-10-08T21:56:49-03:00
690199241,event,order_created,2023-10-08T21:56:51-03:00
690199240,event,changed_to_pre_assign,2023-10-08T21:56:51-03:00
690199240,event,released_to_rt,2023-10-08T21:56:52-03:00
690199194,command,update_product_preference,2023-10-08T21:56:52-03:00
690199194,command,rt_take_order,2023-10-08T21:56:52-03:00
690198951,event,order_finished,2023-10-08T21:56:51-03:00
690198299,command,hand_to_domiciliary,2023-10-08T21:56:51-03:00
690198997,event,bill_reported,
690198951,command,finish_order,2023-10-08T21:56:51-03:00
690198220,command,finish_order,2023-10-08T21:56:47-03:00
690199209,command,shopper_billing_report,2023-10-08T21:56:48-03:00
690198795,event,bill_reported,
690199243,command,create_order,2023-10-08T21:56:51-03:00
690199243,command,create_order,2023-10-08T21:56:51-03:00
690199247,command,shopper_request_rt,2023-10-08T21:56:50-03:00
690199247,command,create_order,2023-10-08T21:56:50-03:00
690199247,command,create_order,2023-10-08T21:56:50-03:00
690198127,event,payless_barcodes_created,
690199247,event,order_created,2023-10-08T21:56:50-03:00
690199087,command,finish_order,2023-10-08T21:56:48-03:00
690199087,event,order_finished,2023-10-08T21:56:49-03:00
690199092,event,order_finished,2023-10-08T21:56:54-03:00
690199240,event,order_to_rt,2023-10-08T21:56:52-03:00
690199241,event,order_created,2023-10-08T21:56:53-03:00
690199240,command,release_to_rt,
690199241,command,to_pre_assign,
690199194,event,rt_took_order,2023-10-08T21:56:54-03:00
690199194,event,product_preference_updated,2023-10-08T21:56:54-03:00
690199240,event,changed_to_pre_assign,2023-10-08T21:56:53-03:00
690199239,event,released_to_rt,2023-10-08T21:56:53-03:00
690199241,command,to_change_was_taken_order_to_rt,
690199245,command,create_order,2023-10-08T21:56:56-03:00
690199241,event,order_to_rt,2023-10-08T21:56:57-03:00
690199240,event,released_to_rt,2023-10-08T21:56:57-03:00
690199245,event,order_created,2023-10-08T21:56:56-03:00
690199241,event,changed_to_pre_assign,2023-10-08T21:56:57-03:00
690199241,command,release_to_rt,
690199214,command,shopper_billing_report,2023-10-08T21:56:55-03:00
690199245,command,create_order,2023-10-08T21:56:57-03:00
690198890,event,picking_started,2023-10-08T21:56:58-03:00
690198890,event,product_checked,2023-10-08T21:56:58-03:00
690198890,event,picking_finished,2023-10-08T21:56:58-03:00
690198915,command,finish_order,2023-10-08T21:56:56-03:00
690198194,event,bill_reported,
690198773,event,order_finished,2023-10-08T21:56:54-03:00
690198773,command,finish_order,2023-10-08T21:56:54-03:00
690197684,event,handshake_code_requested,
690198231,event,payless_barcodes_created,
690199161,command,hand_to_domiciliary,2023-10-08T21:56:52-03:00
690199243,command,to_pre_assign,
690199243,event,order_created,2023-10-08T21:56:54-03:00
690199243,command,to_change_was_taken_order_to_rt,
690199243,event,order_to_rt,2023-10-08T21:56:56-03:00
690198885,command,cancel_order,2023-10-08T21:56:52-03:00
690198885,event,order_canceled,2023-10-08T21:56:54-03:00
690196157,event,payless_barcodes_created,
690199243,event,changed_to_pre_assign,2023-10-08T21:56:56-03:00
690198997,command,hand_to_domiciliary,2023-10-08T21:56:57-03:00
690199244,command,create_order,2023-10-08T21:56:53-03:00
690199244,event,order_created,2023-10-08T21:56:54-03:00
690199244,command,create_order,2023-10-08T21:56:55-03:00
690199245,command,to_pre_assign,
690199245,command,to_change_was_taken_order_to_rt,
690199245,event,order_to_rt,2023-10-08T21:57:01-03:00
690199246,command,create_order,2023-10-08T21:57:00-03:00
690199245,event,changed_to_pre_assign,2023-10-08T21:57:01-03:00
690199246,event,order_created,2023-10-08T21:57:01-03:00
690198958,command,finish_order,2023-10-08T21:57:00-03:00
690199246,command,create_order,2023-10-08T21:57:00-03:00
690199246,command,create_order,2023-10-08T21:57:00-03:00
690199246,command,create_order,2023-10-08T21:57:00-03:00
690199122,command,finish_order,2023-10-08T21:57:00-03:00
690199247,command,create_order,2023-10-08T21:57:01-03:00
690199247,command,create_order,2023-10-08T21:57:01-03:00
690199122,event,order_finished,2023-10-08T21:57:00-03:00
690199247,event,order_created,2023-10-08T21:57:00-03:00
690199247,event,order_created,2023-10-08T21:57:01-03:00
690199247,command,create_order,2023-10-08T21:57:00-03:00
690199247,command,create_order,2023-10-08T21:57:00-03:00
690198437,command,finish_order,2023-10-08T21:57:01-03:00
690199243,command,release_to_rt,
690199106,command,cancel_order,2023-10-08T21:57:04-03:00
690199243,event,released_to_rt,2023-10-08T21:57:06-03:00
690199106,event,order_canceled,2023-10-08T21:57:04-03:00
690198831,event,rt_took_order,2023-10-08T21:57:06-03:00
690199251,command,create_order,2023-10-08T21:57:05-03:00
690199251,command,shopper_request_rt,2023-10-08T21:57:05-03:00
690198831,command,rt_take_order,2023-10-08T21:57:06-03:00
690198779,command,update_product_preference,2023-10-08T21:57:06-03:00
690198831,command,update_product_preference,2023-10-08T21:57:06-03:00
690199017,command,finish_order,2023-10-08T21:57:02-03:00
690199251,command,create_order,2023-10-08T21:57:05-03:00
690198775,command,finish_order,2023-10-08T21:57:05-03:00
690198779,command,rt_take_order,2023-10-08T21:57:06-03:00
690199246,event,order_created,2023-10-08T21:57:02-03:00
690199241,event,released_to_rt,2023-10-08T21:57:02-03:00
690198857,command,finish_order,2023-10-08T21:57:03-03:00
690199245,event,released_to_rt,2023-10-08T21:57:06-03:00
690198480,command,finish_order,2023-10-08T21:57:07-03:00
690198909,command,finish_order,2023-10-08T21:57:05-03:00
690199249,command,create_order,2023-10-08T21:57:07-03:00
690199249,command,create_order,2023-10-08T21:57:07-03:00
690199249,event,order_created,2023-10-08T21:57:08-03:00
690198857,event,order_finished,2023-10-08T21:57:06-03:00
690198480,event,order_finished,2023-10-08T21:57:07-03:00
690199245,command,release_to_rt,
690199202,command,shopper_billing_report,2023-10-08T21:57:05-03:00
690199136,command,rt_take_order,2023-10-08T21:57:05-03:00
690198766,command,finish_order,2023-10-08T21:57:02-03:00
690199136,event,rt_took_order,2023-10-08T21:57:05-03:00
690198776,event,handshake_code_requested,
690194831,command,update_product_preference,2023-10-08T21:57:05-03:00
690199147,command,hand_to_domiciliary,2023-10-08T21:57:06-03:00
690194831,command,rt_take_order,2023-10-08T21:57:05-03:00
690199251,event,order_created,2023-10-08T21:57:08-03:00
690199114,command,rt_take_order,2023-10-08T21:57:07-03:00
690198831,event,product_preference_updated,2023-10-08T21:57:08-03:00
690199114,command,update_product_preference,2023-10-08T21:57:07-03:00
690199114,event,rt_took_order,2023-10-08T21:57:08-03:00
690198779,event,rt_took_order,2023-10-08T21:57:08-03:00
690199114,event,product_preference_updated,2023-10-08T21:57:08-03:00
690198779,event,product_preference_updated,2023-10-08T21:57:08-03:00
690198775,event,order_finished,2023-10-08T21:57:08-03:00
690199249,command,to_pre_assign,
690198678,command,finish_order,2023-10-08T21:57:08-03:00
690199249,command,to_change_was_taken_order_to_rt,
690199249,event,order_to_rt,2023-10-08T21:57:12-03:00
690198682,command,hand_to_domiciliary,2023-10-08T21:57:13-03:00
690198480,event,integration_order_finalization_notified,
690199004,command,finish_order,2023-10-08T21:57:13-03:00
690199004,event,order_finished,2023-10-08T21:57:13-03:00
690198676,command,update_product_preference,2023-10-08T21:57:09-03:00
690199249,event,changed_to_pre_assign,2023-10-08T21:57:12-03:00
690199249,command,release_to_rt,
690198676,command,rt_take_order,2023-10-08T21:57:09-03:00
690199044,command,add_products,2023-10-08T21:57:11-03:00
690199044,event,multiple_products_added,2023-10-08T21:57:12-03:00
690199195,command,rt_take_order,2023-10-08T21:57:07-03:00
690198129,command,rt_take_order,2023-10-08T21:57:11-03:00
690198129,event,rt_took_order,2023-10-08T21:57:11-03:00
690199195,event,product_preference_updated,2023-10-08T21:57:08-03:00
690199195,event,rt_took_order,2023-10-08T21:57:08-03:00
690197684,command,hand_to_domiciliary,2023-10-08T21:57:08-03:00
690199195,command,update_product_preference,2023-10-08T21:57:07-03:00
690194831,event,product_preference_updated,2023-10-08T21:57:07-03:00
690194831,event,rt_took_order,2023-10-08T21:57:07-03:00
690198129,command,update_product_preference,2023-10-08T21:57:11-03:00
690198603,command,finish_order,2023-10-08T21:57:10-03:00
690198603,event,order_finished,2023-10-08T21:57:11-03:00
690199116,command,rt_take_order,2023-10-08T21:57:09-03:00
690199116,command,update_product_preference,2023-10-08T21:57:09-03:00
690199248,event,order_created,2023-10-08T21:57:11-03:00
690198407,event,elimination_approved,2023-10-08T21:57:12-03:00
690199116,event,product_preference_updated,2023-10-08T21:57:11-03:00
690199248,command,create_order,2023-10-08T21:57:10-03:00
690199248,command,create_order,2023-10-08T21:57:10-03:00
690199116,event,rt_took_order,2023-10-08T21:57:11-03:00
690198779,event,integration_order_delivery_info_notified,
690199042,command,update_product_preference,2023-10-08T21:57:09-03:00
690199042,command,rt_take_order,2023-10-08T21:57:09-03:00
690199206,command,add_products,2023-10-08T21:57:10-03:00
690197654,event,product_checked,2023-10-08T21:57:13-03:00
690199251,command,create_order,2023-10-08T21:57:14-03:00
690197654,event,product_weight_quantity_updated,2023-10-08T21:57:13-03:00
690199251,command,create_order,2023-10-08T21:57:14-03:00
690199015,command,update_product_preference,2023-10-08T21:57:15-03:00
690199015,command,rt_take_order,2023-10-08T21:57:15-03:00
690199015,event,rt_took_order,2023-10-08T21:57:15-03:00
690199250,command,create_order,2023-10-08T21:57:13-03:00
690199250,command,create_order,2023-10-08T21:57:13-03:00
690199138,command,update_product_preference,2023-10-08T21:57:16-03:00
690199138,command,rt_take_order,2023-10-08T21:57:16-03:00
690199138,event,rt_took_order,2023-10-08T21:57:16-03:00
690193809,command,rt_take_order,2023-10-08T21:57:15-03:00
690198786,command,finish_order,2023-10-08T21:57:13-03:00
690199168,command,rt_take_order,2023-10-08T21:57:15-03:00
690199168,command,update_product_preference,2023-10-08T21:57:15-03:00
690198838,command,finish_order,2023-10-08T21:57:16-03:00
690199168,event,product_preference_updated,2023-10-08T21:57:16-03:00
690193809,event,product_preference_updated,2023-10-08T21:57:16-03:00
690199168,event,rt_took_order,2023-10-08T21:57:16-03:00
690193809,command,update_product_preference,2023-10-08T21:57:15-03:00
690198129,event,product_preference_updated,2023-10-08T21:57:16-03:00
690193809,event,rt_took_order,2023-10-08T21:57:16-03:00
690199250,event,order_created,2023-10-08T21:57:18-03:00
690199224,command,shopper_billing_report,2023-10-08T21:57:20-03:00
690198554,event,picking_started,2023-10-08T21:57:18-03:00
690199015,event,product_preference_updated,2023-10-08T21:57:20-03:00
690198776,event,handshake_success,
690198554,event,product_checked,2023-10-08T21:57:18-03:00
690198958,command,finish_order,2023-10-08T21:57:18-03:00
690198776,command,shopper_delivery_order_to_rt,2023-10-08T21:57:18-03:00
690198776,command,shopper_products_delivery_to_sk,
690198776,event,order_delivered_to_sk,2023-10-08T21:57:19-03:00
690199252,command,create_order,2023-10-08T21:57:19-03:00
690198554,event,picking_finished,2023-10-08T21:57:18-03:00
690199252,command,create_order,2023-10-08T21:57:19-03:00
690198776,command,hand_to_domiciliary,2023-10-08T21:57:20-03:00
690198929,command,finish_order,2023-10-08T21:57:19-03:00
690199236,command,shopper_billing_report,2023-10-08T21:57:20-03:00
690198820,event,order_finished,2023-10-08T21:57:21-03:00
690198820,command,finish_order,2023-10-08T21:57:21-03:00
690199252,event,order_created,2023-10-08T21:57:19-03:00
690199138,event,product_preference_updated,2023-10-08T21:57:19-03:00
690198929,event,order_finished,2023-10-08T21:57:21-03:00
690199242,command,update_product_preference,2023-10-08T21:57:15-03:00
690199242,event,rt_took_order,2023-10-08T21:57:15-03:00
690199122,command,rt_take_order,2023-10-08T21:57:16-03:00
690199122,command,update_product_preference,2023-10-08T21:57:16-03:00
690198777,command,finish_order,2023-10-08T21:57:15-03:00
690197917,event,order_finished,2023-10-08T21:57:14-03:00
690199234,command,shopper_billing_report,2023-10-08T21:57:18-03:00
690199242,command,rt_take_order,2023-10-08T21:57:15-03:00
690199073,command,finish_order,2023-10-08T21:57:13-03:00
690197917,command,finish_order,2023-10-08T21:57:14-03:00
690199206,event,multiple_products_added,2023-10-08T21:57:14-03:00
690199073,event,order_finished,2023-10-08T21:57:14-03:00
690199042,event,rt_took_order,2023-10-08T21:57:14-03:00
690199042,event,product_preference_updated,2023-10-08T21:57:14-03:00
690199235,command,create_order,2023-10-08T21:57:17-03:00
690199212,command,hand_to_domiciliary,2023-10-08T21:57:15-03:00
690199212,command,shopper_billing_report,2023-10-08T21:57:15-03:00
690199249,event,released_to_rt,2023-10-08T21:57:16-03:00
690199251,event,order_created,2023-10-08T21:57:17-03:00
690194618,command,review_changes_starts,2023-10-08T21:57:18-03:00
690199235,command,create_order,2023-10-08T21:57:17-03:00
690194618,event,picking_review_started,2023-10-08T21:57:18-03:00
690198676,event,product_preference_updated,2023-10-08T21:57:14-03:00
690199235,event,order_created,2023-10-08T21:57:17-03:00
690199114,command,update_product_preference,2023-10-08T21:57:15-03:00
690194618,event,product_checked,2023-10-08T21:57:18-03:00
690198676,event,rt_took_order,2023-10-08T21:57:14-03:00
690199114,command,rt_take_order,2023-10-08T21:57:15-03:00
690199049,command,finish_order,2023-10-08T21:57:19-03:00
690199250,command,to_change_was_taken_order_to_rt,
690198885,event,order_finished,2023-10-08T21:57:21-03:00
690199235,command,to_change_was_taken_order_to_rt,
690198885,command,finish_order,2023-10-08T21:57:21-03:00
690199235,event,order_to_rt,2023-10-08T21:57:23-03:00
690198939,command,start_set_picking_time,
690199253,command,create_order,2023-10-08T21:57:23-03:00
690199235,event,changed_to_pre_assign,2023-10-08T21:57:23-03:00
690198939,command,set_picking_time,2023-10-08T21:57:24-03:00
690198939,event,order_picking_started,2023-10-08T21:57:23-03:00
690199114,event,product_preference_updated,2023-10-08T21:57:19-03:00
690199235,command,to_pre_assign,
690199114,event,rt_took_order,2023-10-08T21:57:19-03:00
690199253,command,create_order,2023-10-08T21:57:23-03:00
690199252,command,cancel_order,2023-10-08T21:57:22-03:00
690199253,event,order_created,2023-10-08T21:57:23-03:00
690199085,command,finish_order,2023-10-08T21:57:20-03:00
690199250,command,to_pre_assign,
690199250,event,changed_to_pre_assign,2023-10-08T21:57:24-03:00
690199250,event,order_to_rt,2023-10-08T21:57:23-03:00
690199252,command,to_change_was_taken_order_to_rt,
690199252,event,changed_to_pre_assign,2023-10-08T21:57:27-03:00
690199252,command,to_pre_assign,
690199252,event,order_to_rt,2023-10-08T21:57:27-03:00
690199122,event,rt_took_order,2023-10-08T21:57:19-03:00
690198626,event,rt_took_order,2023-10-08T21:57:22-03:00
690199180,command,rt_take_order,2023-10-08T21:57:23-03:00
690199122,event,product_preference_updated,2023-10-08T21:57:19-03:00
690194541,command,finish_order,2023-10-08T21:57:21-03:00
690198745,command,finish_order,2023-10-08T21:57:20-03:00
690199252,command,create_order,2023-10-08T21:57:19-03:00
690198626,command,update_product_preference,2023-10-08T21:57:22-03:00
690198626,command,rt_take_order,2023-10-08T21:57:22-03:00
690198852,command,cancel_order,2023-10-08T21:57:22-03:00
690199252,command,create_order,2023-10-08T21:57:19-03:00
690198852,event,order_canceled,2023-10-08T21:57:22-03:00
690199244,command,shopper_billing_report,2023-10-08T21:57:22-03:00
690199242,event,product_preference_updated,2023-10-08T21:57:19-03:00
690199180,command,update_product_preference,2023-10-08T21:57:23-03:00
690199250,command,release_to_rt,
690199250,event,released_to_rt,2023-10-08T21:57:28-03:00
690199019,event,picking_started,2023-10-08T21:57:29-03:00
690199019,event,product_checked,2023-10-08T21:57:29-03:00
690199018,command,hand_to_domiciliary,2023-10-08T21:57:28-03:00
690199021,command,finish_order,2023-10-08T21:57:30-03:00
690199180,event,rt_took_order,2023-10-08T21:57:26-03:00
690199031,event,product_checked,2023-10-08T21:57:27-03:00
690199180,event,product_preference_updated,2023-10-08T21:57:26-03:00
690199252,event,order_created,2023-10-08T21:57:24-03:00
690199253,event,order_created,2023-10-08T21:57:27-03:00
690198626,event,product_preference_updated,2023-10-08T21:57:26-03:00
690199031,event,picking_started,2023-10-08T21:57:27-03:00
690199253,command,create_order,2023-10-08T21:57:24-03:00
690199253,command,create_order,2023-10-08T21:57:24-03:00
690199253,command,to_pre_assign,
690199253,command,to_change_was_taken_order_to_rt,
690199021,event,order_finished,2023-10-08T21:57:29-03:00
690199013,command,finish_order,2023-10-08T21:57:24-03:00
690199254,command,cancel_order,2023-10-08T21:57:25-03:00
690198838,event,bill_reported,
690198974,command,hand_to_domiciliary,2023-10-08T21:57:25-03:00
690199102,command,finish_order,2023-10-08T21:57:26-03:00
690198747,command,finish_order,2023-10-08T21:57:24-03:00
690198747,event,order_finished,2023-10-08T21:57:24-03:00
690199187,command,shopper_billing_report,2023-10-08T21:57:26-03:00
690199028,command,finish_order,2023-10-08T21:57:27-03:00
690199235,command,release_to_rt,
690199227,command,shopper_billing_report,2023-10-08T21:57:25-03:00
690199252,event,order_canceled,2023-10-08T21:57:24-03:00
690199252,command,release_to_rt,
690199252,event,released_to_rt,2023-10-08T21:57:30-03:00
690067886,command,request_rt_by_expediter,
690198939,event,order_in_picking,2023-10-08T21:57:28-03:00
690199254,event,order_canceled,2023-10-08T21:57:28-03:00
690199028,event,order_finished,2023-10-08T21:57:28-03:00
690199235,event,released_to_rt,2023-10-08T21:57:28-03:00
690199253,command,to_pre_assign,
690198030,command,finish_order,2023-10-08T21:57:28-03:00
690199253,command,to_change_was_taken_order_to_rt,
690199102,event,order_finished,2023-10-08T21:57:28-03:00
690083257,command,not_assigned_personal_shopper,
690199227,command,hand_to_domiciliary,2023-10-08T21:57:31-03:00
690161815,command,request_rt_by_expediter,
690198693,event,picking_finished,2023-10-08T21:57:28-03:00
690186753,command,request_rt_by_expediter,
690198693,event,product_checked,2023-10-08T21:57:28-03:00
689909967,command,request_rt_by_expediter,
690198999,event,product_checked,2023-10-08T21:57:29-03:00
690198693,event,picking_started,2023-10-08T21:57:28-03:00
690198221,command,start_place_scheduled_ms_from_bulk,2023-10-08T21:57:30-03:00
690199115,command,to_change_was_taken_order_to_sh,
690199238,command,shopper_billing_report,2023-10-08T21:57:30-03:00
690199115,event,order_to_sh,2023-10-08T21:57:30-03:00
690199115,command,start_place_scheduled_ms_from_bulk,2023-10-08T21:57:30-03:00
690199115,command,release_order,2023-10-08T21:57:30-03:00
690199255,command,create_order,2023-10-08T21:57:31-03:00
690177839,command,not_assigned_personal_shopper,
690199255,command,create_order,2023-10-08T21:57:31-03:00
690198221,command,release_order,2023-10-08T21:57:30-03:00
690199255,event,order_created,2023-10-08T21:57:31-03:00
690198221,event,order_to_sh,2023-10-08T21:57:31-03:00
690198221,command,to_change_was_taken_order_to_sh,
690198221,event,order_released,2023-10-08T21:57:31-03:00
690176703,command,request_rt_by_expediter,
690179713,command,not_assigned_personal_shopper,
690198703,command,finish_order,2023-10-08T21:57:33-03:00
690195792,command,not_assigned_personal_shopper,
690198375,event,product_checked,2023-10-08T21:57:33-03:00
690199115,event,order_released,2023-10-08T21:57:33-03:00
690197684,event,handshake_wrong_code,
690198838,event,product_checked,2023-10-08T21:57:34-03:00
690155679,command,request_rt_by_expediter,
689928210,command,request_rt_by_expediter,
690198512,event,order_finished,2023-10-08T21:57:32-03:00
690199136,command,finish_order,2023-10-08T21:57:31-03:00
690199111,command,start_shopper_request_rt,2023-10-08T21:57:32-03:00
690199111,event,rt_requested,2023-10-08T21:57:32-03:00
690198512,command,finish_order,2023-10-08T21:57:32-03:00
690199111,command,request_rt_by_expediter,
690199111,command,shopper_request_rt,2023-10-08T21:57:33-03:00
690198035,command,to_change_was_taken_order_to_rt,
690198035,command,release_order,2023-10-08T21:57:30-03:00
690198035,event,order_to_rt,2023-10-08T21:57:32-03:00
690198035,event,order_released,2023-10-08T21:57:32-03:00
690198035,command,release_to_rt,
690139525,command,request_rt_by_expediter,
690199257,command,cancel_order,2023-10-08T21:57:31-03:00
690199253,event,order_to_rt,2023-10-08T21:57:32-03:00
690199253,event,changed_to_pre_assign,2023-10-08T21:57:32-03:00
690199257,event,order_canceled,2023-10-08T21:57:32-03:00
690198035,command,start_place_scheduled_ms_from_bulk,2023-10-08T21:57:30-03:00
690010156,command,request_rt_by_expediter,
690198990,command,finish_order,2023-10-08T21:57:32-03:00
690198990,event,order_finished,2023-10-08T21:57:32-03:00
690157829,command,request_rt_by_expediter,
690150537,command,request_rt_by_expediter,
690199253,event,order_to_rt,2023-10-08T21:57:33-03:00
690198030,event,order_finished,2023-10-08T21:57:33-03:00
690199253,event,changed_to_pre_assign,2023-10-08T21:57:33-03:00
690198852,event,order_canceled,2023-10-08T21:57:32-03:00
690198852,command,cancel_order,2023-10-08T21:57:32-03:00
690199256,command,create_order,2023-10-08T21:57:33-03:00
690199256,command,create_order,2023-10-08T21:57:33-03:00
690092590,command,not_assigned_personal_shopper,
690199263,command,shopper_request_rt,2023-10-08T21:57:37-03:00
690198939,event,product_checked,2023-10-08T21:57:33-03:00
690199263,command,create_order,2023-10-08T21:57:37-03:00
690198939,event,picking_started,2023-10-08T21:57:33-03:00
690198939,event,picking_finished,2023-10-08T21:57:33-03:00
690199253,event,released_to_rt,2023-10-08T21:57:36-03:00
690198838,event,bill_validated,
690199008,command,finish_order,2023-10-08T21:57:37-03:00
690186719,event,bill_validated,
690199263,command,create_order,2023-10-08T21:57:37-03:00
690199263,command,create_order,2023-10-08T21:57:37-03:00
690199253,command,release_to_rt,
690194618,event,review_has_started,2023-10-08T21:57:37-03:00
690199263,event,order_created,2023-10-08T21:57:38-03:00
690199263,command,create_order,2023-10-08T21:57:37-03:00
690199263,command,shopper_request_rt,2023-10-08T21:57:37-03:00
690199257,command,create_order,2023-10-08T21:57:37-03:00
690198932,event,bill_validated,
690198038,event,product_checked,2023-10-08T21:57:37-03:00
690199256,event,order_created,2023-10-08T21:57:34-03:00
690199033,event,bill_validated,
690199257,command,create_order,2023-10-08T21:57:37-03:00
690199256,command,create_order,2023-10-08T21:57:35-03:00
690199256,command,create_order,2023-10-08T21:57:35-03:00
690199262,command,shopper_request_rt,2023-10-08T21:57:37-03:00
690199115,command,release_to_shopper,
690198221,command,release_to_rt,
690186719,command,validate_bill,2023-10-08T21:57:37-03:00
690198396,command,add_products,2023-10-08T21:57:36-03:00
690198221,event,released_to_rt,2023-10-08T21:57:36-03:00
690198396,event,multiple_products_added,2023-10-08T21:57:37-03:00
690198979,command,finish_order,2023-10-08T21:57:35-03:00
690198979,event,order_finished,2023-10-08T21:57:35-03:00
690198919,event,bill_validated,
690199262,command,create_order,2023-10-08T21:57:37-03:00
690199206,command,rt_take_order,2023-10-08T21:57:40-03:00
690199206,event,rt_took_order,2023-10-08T21:57:40-03:00
690199206,command,update_product_preference,2023-10-08T21:57:40-03:00
690199019,event,product_checked,2023-10-08T21:57:37-03:00
690199262,event,order_created,2023-10-08T21:57:38-03:00
690199258,command,create_order,2023-10-08T21:57:39-03:00
690199206,event,product_preference_updated,2023-10-08T21:57:40-03:00
690199262,command,create_order,2023-10-08T21:57:37-03:00
690199258,command,create_order,2023-10-08T21:57:39-03:00
690199019,event,picking_finished,2023-10-08T21:57:37-03:00
690199115,event,released_to_shopper,2023-10-08T21:57:38-03:00
690199115,command,assign_to_shopper_by_expediter,
690197684,event,handshake_success,
690199223,command,shopper_billing_report,2023-10-08T21:57:38-03:00
690197684,command,shopper_delivery_order_to_rt,2023-10-08T21:57:40-03:00
690198951,command,finish_order,2023-10-08T21:57:41-03:00
690199258,event,order_created,2023-10-08T21:57:40-03:00
690198475,command,validate_bill,2023-10-08T21:57:38-03:00
690197684,command,shopper_products_delivery_to_sk,
690197684,event,order_delivered_to_sk,2023-10-08T21:57:40-03:00
690198997,event,bill_validated,
690198919,command,validate_bill,2023-10-08T21:57:39-03:00
690199111,event,rt_requested,2023-10-08T21:57:36-03:00
690198475,event,bill_validated,
690199033,command,validate_bill,2023-10-08T21:57:39-03:00
690199257,command,create_order,2023-10-08T21:57:36-03:00
690199257,command,create_order,2023-10-08T21:57:36-03:00
690198838,command,hand_to_domiciliary,2023-10-08T21:57:36-03:00
690199253,command,release_to_rt,
690199257,event,order_created,2023-10-08T21:57:37-03:00
690198824,command,finish_order,2023-10-08T21:57:38-03:00
690198035,event,released_to_rt,2023-10-08T21:57:37-03:00
690199263,event,order_created,2023-10-08T21:57:39-03:00
690199257,event,order_created,2023-10-08T21:57:39-03:00
690199256,event,order_created,2023-10-08T21:57:39-03:00
690186742,event,payless_authorization_failed,
690186742,event,payless_transaction_declined,
690199239,command,shopper_billing_report,2023-10-08T21:57:41-03:00
690199087,command,hand_to_domiciliary,2023-10-08T21:57:41-03:00
690192256,event,product_checked,2023-10-08T21:57:41-03:00
690198824,event,order_finished,2023-10-08T21:57:40-03:00
690186742,event,payless_fallback_error,
690199212,command,shopper_billing_report,2023-10-08T21:57:41-03:00
690194613,command,cancel_order,2023-10-08T21:57:38-03:00
690199257,command,to_scheduled_calculated,
690199263,command,shopper_request_rt,2023-10-08T21:57:38-03:00
690199263,command,create_order,2023-10-08T21:57:38-03:00
690194613,event,order_canceled,2023-10-08T21:57:40-03:00
690199258,command,create_order,2023-10-08T21:57:40-03:00
690199258,event,order_created,2023-10-08T21:57:41-03:00
690199263,event,order_created,2023-10-08T21:57:41-03:00
690199263,command,create_order,2023-10-08T21:57:38-03:00
690198997,command,validate_bill,2023-10-08T21:57:38-03:00
690198932,command,validate_bill,2023-10-08T21:57:39-03:00
690199253,event,released_to_rt,2023-10-08T21:57:37-03:00
690199258,command,create_order,2023-10-08T21:57:40-03:00
690198838,command,validate_bill,2023-10-08T21:57:39-03:00
690199258,command,cancel_order,2023-10-08T21:57:44-03:00
690199039,command,finish_order,2023-10-08T21:57:43-03:00
690199215,command,hand_to_domiciliary,2023-10-08T21:57:42-03:00
690198231,event,payless_authorized,
690198608,event,bill_reported,
690198231,event,payless_transaction_authorized,
690198231,command,update_bill_report_request,
690198231,event,update_order_bill,
690198486,command,hand_to_domiciliary,2023-10-08T21:57:47-03:00
690199257,event,scheduled_tagged_and_calculated,2023-10-08T21:57:45-03:00
690189347,event,product_checked,2023-10-08T21:57:42-03:00
690199230,command,shopper_billing_report,2023-10-08T21:57:46-03:00
690198902,event,order_canceled,2023-10-08T21:57:43-03:00
690199246,command,shopper_billing_report,2023-10-08T21:57:43-03:00
690198902,command,cancel_order,2023-10-08T21:57:43-03:00
690198781,command,cancel_order,2023-10-08T21:57:43-03:00
690199246,command,shopper_billing_report,2023-10-08T21:57:43-03:00
690199080,event,product_checked,2023-10-08T21:57:43-03:00
690198781,event,order_canceled,2023-10-08T21:57:45-03:00
690198906,command,cancel_order,2023-10-08T21:57:46-03:00
690199080,event,picking_started,2023-10-08T21:57:43-03:00
690199237,command,shopper_billing_report,2023-10-08T21:57:43-03:00
690199080,event,picking_finished,2023-10-08T21:57:43-03:00
690199258,command,to_scheduled_calculated,
690199258,event,order_canceled,2023-10-08T21:57:45-03:00
690199115,command,update_product_preference,2023-10-08T21:57:45-03:00
690199039,event,order_finished,2023-10-08T21:57:46-03:00
690199115,event,product_preference_updated,2023-10-08T21:57:47-03:00
690199115,event,order_assigned,2023-10-08T21:57:48-03:00
690199115,command,assign_to_shopper,2023-10-08T21:57:45-03:00
690199228,command,shopper_billing_report,2023-10-08T21:57:53-03:00
690198608,command,hand_to_domiciliary,2023-10-08T21:57:53-03:00
690199258,event,scheduled_tagged_and_calculated,2023-10-08T21:57:50-03:00
690199212,command,hand_to_domiciliary,2023-10-08T21:57:50-03:00
690199261,command,create_order,2023-10-08T21:57:51-03:00
690199261,command,create_order,2023-10-08T21:57:51-03:00
690198795,event,picking_started,2023-10-08T21:57:52-03:00
690199261,event,order_created,2023-10-08T21:57:51-03:00
690198454,event,bill_reported,
690199260,command,create_order,2023-10-08T21:57:48-03:00
690199260,command,create_order,2023-10-08T21:57:48-03:00
690198336,command,finish_order,2023-10-08T21:57:47-03:00
690198795,event,product_checked,2023-10-08T21:57:52-03:00
690199261,command,create_order,2023-10-08T21:57:51-03:00
690199260,event,order_created,2023-10-08T21:57:52-03:00
690198906,event,order_canceled,2023-10-08T21:57:48-03:00
690194618,event,substitution_approved,2023-10-08T21:57:51-03:00
690199206,command,hand_to_domiciliary,2023-10-08T21:57:51-03:00
690199261,command,create_order,2023-10-08T21:57:51-03:00
690198480,command,finish_order,2023-10-08T21:57:55-03:00
690199261,command,to_scheduled_calculated,
690199261,event,order_created,2023-10-08T21:57:53-03:00
690198631,event,product_checked,2023-10-08T21:57:55-03:00
690194618,event,elimination_approved,2023-10-08T21:57:56-03:00
690198968,command,start_set_picking_time,
690198968,event,order_picking_started,2023-10-08T21:57:52-03:00
690197847,event,product_removed,2023-10-08T21:57:53-03:00
690198454,command,hand_to_domiciliary,2023-10-08T21:57:55-03:00
690197847,event,picking_review_started,2023-10-08T21:57:55-03:00
690198920,command,finish_order,2023-10-08T21:57:56-03:00
690197847,command,review_changes_starts,2023-10-08T21:57:53-03:00
690198968,command,set_picking_time,2023-10-08T21:57:55-03:00
690197847,command,shopper_remove_product,2023-10-08T21:57:55-03:00
690199261,event,scheduled_tagged_and_calculated,2023-10-08T21:57:59-03:00
690198175,command,finish_order,2023-10-08T21:57:56-03:00
690198721,command,finish_order,2023-10-08T21:57:56-03:00
690198824,command,finish_order,2023-10-08T21:57:55-03:00
690198824,event,order_finished,2023-10-08T21:57:56-03:00
690198272,command,finish_order,2023-10-08T21:57:57-03:00
690198612,command,finish_order,2023-10-08T21:57:55-03:00
690198977,event,bill_reported,
690199179,command,shopper_billing_report,2023-10-08T21:57:55-03:00
690198175,event,order_finished,2023-10-08T21:58:00-03:00
690198972,command,finish_order,2023-10-08T21:58:00-03:00
690199265,command,create_order,2023-10-08T21:58:01-03:00
690199265,command,create_order,2023-10-08T21:58:01-03:00
690199265,event,order_created,2023-10-08T21:58:01-03:00
690198876,command,finish_order,2023-10-08T21:58:00-03:00
690199265,event,integration_order_creation_notified,
690199223,command,hand_to_domiciliary,2023-10-08T21:58:02-03:00
690199247,command,shopper_billing_report,2023-10-08T21:58:00-03:00
690199224,command,shopper_billing_report,2023-10-08T21:57:57-03:00
690197456,event,review_change_timer_ended,2023-10-08T21:57:58-03:00
690198585,command,cancel_order,2023-10-08T21:57:58-03:00
690198876,event,order_finished,2023-10-08T21:58:00-03:00
690198585,event,order_canceled,2023-10-08T21:58:01-03:00
690198750,command,finish_order,2023-10-08T21:58:00-03:00
690199265,command,create_order,2023-10-08T21:57:59-03:00
690198977,command,hand_to_domiciliary,2023-10-08T21:58:00-03:00
690199265,event,order_created,2023-10-08T21:58:00-03:00
690199265,command,create_order,2023-10-08T21:57:59-03:00
690198968,event,order_in_picking,2023-10-08T21:58:00-03:00
690199268,command,shopper_request_rt,2023-10-08T21:58:02-03:00
690199268,command,create_order,2023-10-08T21:58:02-03:00
690199268,command,create_order,2023-10-08T21:58:02-03:00
690198165,command,finish_order,2023-10-08T21:58:04-03:00
690198165,event,order_finished,2023-10-08T21:58:05-03:00
690197654,event,product_checked,2023-10-08T21:58:03-03:00
690199246,command,hand_to_domiciliary,2023-10-08T21:58:03-03:00
690199268,event,order_created,2023-10-08T21:58:05-03:00
690198231,event,bill_reported,
690199216,command,shopper_billing_report,2023-10-08T21:58:05-03:00
690199202,command,hand_to_domiciliary,2023-10-08T21:58:04-03:00
690198958,command,finish_order,2023-10-08T21:58:02-03:00
690198030,command,finish_order,2023-10-08T21:58:01-03:00
690198829,command,finish_order,2023-10-08T21:57:59-03:00
690199234,command,hand_to_domiciliary,2023-10-08T21:57:58-03:00
690199244,command,hand_to_domiciliary,2023-10-08T21:57:59-03:00
690199095,command,finish_order,2023-10-08T21:57:59-03:00
690199266,command,create_order,2023-10-08T21:58:03-03:00
690198992,event,order_picking_started,2023-10-08T21:58:04-03:00
690198999,event,picking_finished,2023-10-08T21:58:04-03:00
690198999,event,product_checked,2023-10-08T21:58:04-03:00
690199266,command,create_order,2023-10-08T21:58:03-03:00
690198992,command,start_set_picking_time,
690199266,event,order_created,2023-10-08T21:58:03-03:00
690199097,event,rt_took_order,2023-10-08T21:58:07-03:00
690199140,command,rt_take_order,2023-10-08T21:58:05-03:00
690199097,command,rt_take_order,2023-10-08T21:58:07-03:00
690199047,command,hand_to_domiciliary,2023-10-08T21:58:02-03:00
690199097,command,update_product_preference,2023-10-08T21:58:07-03:00
690199140,command,update_product_preference,2023-10-08T21:58:05-03:00
690199095,event,order_finished,2023-10-08T21:58:02-03:00
690197704,command,cancel_order,2023-10-08T21:58:06-03:00
690199040,command,cancel_order,2023-10-08T21:58:05-03:00
690198412,command,cancel_order,2023-10-08T21:58:02-03:00
690199144,command,update_product_preference,2023-10-08T21:58:05-03:00
690199144,command,rt_take_order,2023-10-08T21:58:05-03:00
690199144,event,rt_took_order,2023-10-08T21:58:08-03:00
690198972,event,order_finished,2023-10-08T21:58:05-03:00
690199265,command,to_pre_assign,
690199144,event,product_preference_updated,2023-10-08T21:58:08-03:00
690199265,command,to_change_was_taken_order_to_rt,
690199265,event,order_to_rt,2023-10-08T21:58:05-03:00
690199219,command,update_product_preference,2023-10-08T21:58:06-03:00
690199265,event,changed_to_pre_assign,2023-10-08T21:58:05-03:00
690199242,command,update_product_preference,2023-10-08T21:58:08-03:00
690199219,command,rt_take_order,2023-10-08T21:58:05-03:00
690199262,event,product_preference_updated,2023-10-08T21:58:08-03:00
690199262,command,rt_take_order,2023-10-08T21:58:06-03:00
690199262,command,update_product_preference,2023-10-08T21:58:06-03:00
690198893,command,finish_order,2023-10-08T21:58:07-03:00
690199242,event,rt_took_order,2023-10-08T21:58:08-03:00
690199219,event,rt_took_order,2023-10-08T21:58:08-03:00
690199219,event,product_preference_updated,2023-10-08T21:58:08-03:00
690199262,event,rt_took_order,2023-10-08T21:58:08-03:00
690199242,event,product_preference_updated,2023-10-08T21:58:08-03:00
690199142,command,rt_take_order,2023-10-08T21:58:08-03:00
690198893,event,order_finished,2023-10-08T21:58:08-03:00
690198221,event,rt_took_order,2023-10-08T21:58:06-03:00
690199142,command,update_product_preference,2023-10-08T21:58:08-03:00
690198221,command,rt_take_order,2023-10-08T21:58:06-03:00
690199265,event,order_integrated,
690199252,command,rt_take_order,2023-10-08T21:58:08-03:00
690199252,event,rt_took_order,2023-10-08T21:58:08-03:00
690199142,event,rt_took_order,2023-10-08T21:58:08-03:00
690198221,command,update_product_preference,2023-10-08T21:58:06-03:00
690199142,event,product_preference_updated,2023-10-08T21:58:08-03:00
690199265,command,to_pre_assign,
690199242,command,rt_take_order,2023-10-08T21:58:08-03:00
690199252,command,update_product_preference,2023-10-08T21:58:08-03:00
690199140,command,rt_take_order,2023-10-08T21:58:05-03:00
690199265,command,to_change_was_taken_order_to_rt,
690199140,command,update_product_preference,2023-10-08T21:58:05-03:00
690199140,event,rt_took_order,2023-10-08T21:58:05-03:00
690198412,event,order_canceled,2023-10-08T21:58:06-03:00
690198231,command,hand_to_domiciliary,2023-10-08T21:58:06-03:00
690199265,event,order_to_rt,2023-10-08T21:58:08-03:00
690198891,command,finish_order,2023-10-08T21:58:05-03:00
690199140,event,product_preference_updated,2023-10-08T21:58:08-03:00
690199188,command,rt_take_order,2023-10-08T21:58:08-03:00
690199265,event,changed_to_pre_assign,2023-10-08T21:58:08-03:00
690199188,command,update_product_preference,2023-10-08T21:58:08-03:00
690197847,event,review_has_started,2023-10-08T21:58:07-03:00
690199166,command,rt_take_order,2023-10-08T21:58:07-03:00
690199166,command,update_product_preference,2023-10-08T21:58:07-03:00
690199140,event,product_preference_updated,2023-10-08T21:58:07-03:00
690199140,event,rt_took_order,2023-10-08T21:58:07-03:00
690199040,event,order_canceled,2023-10-08T21:58:07-03:00
690197704,event,order_canceled,2023-10-08T21:58:07-03:00
690198221,event,product_preference_updated,2023-10-08T21:58:10-03:00
690199265,command,release_to_integration,
690199166,event,product_preference_updated,2023-10-08T21:58:08-03:00
690199119,command,start_shopper_billing_report,
690199141,command,update_product_preference,2023-10-08T21:58:08-03:00
690199119,command,start_shopper_request_rt,
690199166,event,rt_took_order,2023-10-08T21:58:08-03:00
690199267,command,create_order,2023-10-08T21:58:09-03:00
690199119,event,start_picker_billing_report,
690199267,command,create_order,2023-10-08T21:58:09-03:00
690199119,command,shopper_billing_report,2023-10-08T21:58:10-03:00
690199141,event,rt_took_order,2023-10-08T21:58:08-03:00
690199141,command,rt_take_order,2023-10-08T21:58:08-03:00
690198992,event,product_checked,2023-10-08T21:58:11-03:00
690199097,event,product_preference_updated,2023-10-08T21:58:08-03:00
690198419,command,finish_order,2023-10-08T21:58:09-03:00
690198992,command,set_picking_time,2023-10-08T21:58:09-03:00
690198875,command,finish_order,2023-10-08T21:58:12-03:00
690198992,event,order_in_picking,2023-10-08T21:58:09-03:00
690199016,command,finish_order,2023-10-08T21:58:11-03:00
690198419,event,order_finished,2023-10-08T21:58:10-03:00
690198992,event,picking_started,2023-10-08T21:58:10-03:00
690199251,command,update_product_preference,2023-10-08T21:58:12-03:00
690199251,command,rt_take_order,2023-10-08T21:58:12-03:00
690198992,event,picking_finished,2023-10-08T21:58:11-03:00
690199016,event,order_finished,2023-10-08T21:58:12-03:00
690198835,command,finish_order,2023-10-08T21:58:10-03:00
690199263,command,rt_take_order,2023-10-08T21:58:11-03:00
690199263,command,update_product_preference,2023-10-08T21:58:11-03:00
690199042,event,multiple_products_added,2023-10-08T21:58:10-03:00
690199009,command,hand_to_domiciliary,2023-10-08T21:58:12-03:00
690199042,command,add_products,2023-10-08T21:58:10-03:00
690199240,command,rt_take_order,2023-10-08T21:58:10-03:00
690199240,command,update_product_preference,2023-10-08T21:58:10-03:00
690199240,event,product_preference_updated,2023-10-08T21:58:10-03:00
690199240,event,rt_took_order,2023-10-08T21:58:10-03:00
690199265,event,released_to_integration,2023-10-08T21:58:11-03:00
690199224,command,hand_to_domiciliary,2023-10-08T21:58:10-03:00
690199231,command,update_product_preference,2023-10-08T21:58:12-03:00
690199040,command,rt_take_order,2023-10-08T21:58:14-03:00
690199040,command,update_product_preference,2023-10-08T21:58:14-03:00
690199009,command,finish_order,2023-10-08T21:58:13-03:00
690199040,event,rt_took_order,2023-10-08T21:58:14-03:00
690199009,event,order_finished,2023-10-08T21:58:13-03:00
690199231,event,product_preference_updated,2023-10-08T21:58:13-03:00
690199231,command,rt_take_order,2023-10-08T21:58:11-03:00
690199247,command,hand_to_domiciliary,2023-10-08T21:58:14-03:00
690199167,command,rt_take_order,2023-10-08T21:58:11-03:00
690199167,command,update_product_preference,2023-10-08T21:58:11-03:00
690199265,event,released_to_rt,2023-10-08T21:58:13-03:00
690199188,event,rt_took_order,2023-10-08T21:58:13-03:00
690199188,event,product_preference_updated,2023-10-08T21:58:13-03:00
690199252,event,product_preference_updated,2023-10-08T21:58:11-03:00
690199265,command,release_to_rt,
690199231,event,rt_took_order,2023-10-08T21:58:13-03:00
690199040,event,product_preference_updated,2023-10-08T21:58:14-03:00
690199119,command,shopper_request_rt,2023-10-08T21:58:15-03:00
690199141,event,product_preference_updated,2023-10-08T21:58:13-03:00
690198875,event,order_finished,2023-10-08T21:58:13-03:00
690199267,event,order_created,2023-10-08T21:58:13-03:00
690198414,command,cancel_order,2023-10-08T21:58:14-03:00
690199071,command,rt_take_order,2023-10-08T21:58:15-03:00
690198414,event,order_canceled,2023-10-08T21:58:14-03:00
690198949,command,rt_take_order,2023-10-08T21:58:13-03:00
690199096,command,update_product_preference,2023-10-08T21:58:13-03:00
690198949,command,update_product_preference,2023-10-08T21:58:13-03:00
690199096,command,rt_take_order,2023-10-08T21:58:13-03:00
690199071,command,update_product_preference,2023-10-08T21:58:15-03:00
690199096,event,product_preference_updated,2023-10-08T21:58:14-03:00
690199096,event,rt_took_order,2023-10-08T21:58:13-03:00
690199241,command,update_product_preference,2023-10-08T21:58:14-03:00
690199263,event,rt_took_order,2023-10-08T21:58:13-03:00
690199263,event,product_preference_updated,2023-10-08T21:58:13-03:00
690199220,command,rt_take_order,2023-10-08T21:58:13-03:00
690199240,command,rt_take_order,2023-10-08T21:58:12-03:00
690199241,command,rt_take_order,2023-10-08T21:58:14-03:00
690199240,command,update_product_preference,2023-10-08T21:58:12-03:00
690199241,event,product_preference_updated,2023-10-08T21:58:16-03:00
690199240,event,product_preference_updated,2023-10-08T21:58:16-03:00
690199241,event,rt_took_order,2023-10-08T21:58:16-03:00
690199220,event,rt_took_order,2023-10-08T21:58:13-03:00
690199220,event,product_preference_updated,2023-10-08T21:58:16-03:00
690199220,command,update_product_preference,2023-10-08T21:58:13-03:00
690199240,event,rt_took_order,2023-10-08T21:58:16-03:00
690199198,command,rt_take_order,2023-10-08T21:58:16-03:00
690199198,command,update_product_preference,2023-10-08T21:58:16-03:00
690199269,command,create_order,2023-10-08T21:58:16-03:00
